{
   "BUFFER" : 1024,
   "CALIBRATION_BUFFER" : 400,
   "CALIBRATION_RANGE_ERROR" : 2.5,
   "FREQUENCY" : 1000,
   "TRACE" : true,
   "X_OFFSET" : -3.9175000000000102,
   "Y_OFFSET" : -4.1468750000000103,
   "Z_OFFSET" : -130.4436328125
}
