{
   "BUFFER" : 200,
   "CALIBRATION_BUFFER" : 400,
   "CALIBRATION_RANGE_ERROR" : 2.5,
   "FREQUENCY" : 1000,
   "SCALE_FACTOR" : 128,
   "TRACE" : false,
   "WAIT_TIME" : 0.00061957900000000009,
   "X_OFFSET" : -3.8256249999999938,
   "Y_OFFSET" : -4.2150000000000034,
   "Z_OFFSET" : -131.42525390624996
}
